Model,Test Accuracy,Macro F1
Naive Baseline,0.2765957446808511,0.10833333333333334
Random Forest,0.5531914893617021,0.5007168458781361
EfficientNet-B0,0.574468085106383,0.5624065589582832
